<?xml version="1.0" encoding="UTF-8"?>
<project-private xmlns="http://www.netbeans.org/ns/project-private/1">
    <editor-bookmarks xmlns="http://www.netbeans.org/ns/editor-bookmarks/2" lastBookmarkId="0"/>
    <open-files xmlns="http://www.netbeans.org/ns/projectui-open-files/2">
        <group>
            <file>file:/C:/Users/aditi/Documents/NetBeansProjects/Assignment2%20-%20Now/src/Interface/CreateCarListJPanel.java</file>
            <file>file:/C:/Users/aditi/Documents/NetBeansProjects/Assignment2%20-%20Now/src/Interface/DisplayCarCity.java</file>
            <file>file:/C:/Users/aditi/Documents/NetBeansProjects/Assignment2%20-%20Now/src/Interface/ViewCarJPanel.java</file>
            <file>file:/C:/Users/aditi/Documents/NetBeansProjects/Assignment2%20-%20Now/src/Interface/CarMainJFrame.java</file>
            <file>file:/C:/Users/aditi/Documents/NetBeansProjects/Assignment2%20-%20Now/src/Interface/DisplayJPanel.java</file>
            <file>file:/C:/Users/aditi/Documents/NetBeansProjects/Assignment2%20-%20Now/src/Business/Uber.java</file>
            <file>file:/C:/Users/aditi/Documents/NetBeansProjects/Assignment2%20-%20Now/src/Interface/SearchJPanel.java</file>
            <file>file:/C:/Users/aditi/Documents/NetBeansProjects/Assignment2%20-%20Now/src/Interface/DisplayCarDateList.java</file>
        </group>
    </open-files>
</project-private>
